timestamp,driver_count,duplicates
2023-08-27T12:09:59.029+00:00,2,false
2023-08-27T12:12:57.704+00:00,20,false
2023-08-27T12:14:22.704+00:00,20,false
2023-08-27T12:10:40.004+00:00,5,false
2023-08-27T12:13:37.054+00:00,20,false
2023-08-27T12:12:21.554+00:00,20,false
2023-08-27T12:11:09.079+00:00,14,false
2023-08-27T12:11:29.229+00:00,19,false
2023-08-27T12:09:44.754+00:00,2,false
2023-08-27T12:10:29.779+00:00,5,false
2023-08-27T12:13:23.304+00:00,20,false
2023-08-27T12:12:52.404+00:00,20,false
2023-08-27T12:09:55.104+00:00,2,false
2023-08-27T12:09:18.529+00:00,1,false
2023-08-27T12:09:50.404+00:00,2,false
2023-08-27T12:10:09.629+00:00,3,false
2023-08-27T12:10:27.704+00:00,5,false
2023-08-27T12:12:09.104+00:00,20,false
2023-08-27T12:09:40.804+00:00,1,false
2023-08-27T12:12:37.729+00:00,20,false
2023-08-27T12:13:49.679+00:00,20,false
2023-08-27T12:11:14.479+00:00,15,false
2023-08-27T12:08:20.629+00:00,1,false
2023-08-27T12:10:21.104+00:00,5,false
2023-08-27T12:12:20.029+00:00,20,false
2023-08-27T12:14:03.954+00:00,20,false
2023-08-27T12:13:38.504+00:00,20,false
2023-08-27T12:08:41.629+00:00,1,false
2023-08-27T12:13:32.629+00:00,20,false
2023-08-27T12:11:30.404+00:00,19,false
2023-08-27T12:13:35.404+00:00,20,false
2023-08-27T12:10:46.629+00:00,6,false
2023-08-27T12:09:35.779+00:00,1,false
2023-08-27T12:08:59.904+00:00,1,false
2023-08-27T12:10:29.604+00:00,5,false
2023-08-27T12:08:21.604+00:00,1,false
2023-08-27T12:09:06.904+00:00,1,false
2023-08-27T12:13:12.304+00:00,20,false
2023-08-27T12:13:00.604+00:00,20,false
2023-08-27T12:09:56.729+00:00,2,false
2023-08-27T12:14:24.529+00:00,20,false
2023-08-27T12:14:45.479+00:00,20,false
2023-08-27T12:11:01.604+00:00,14,false
2023-08-27T12:12:03.504+00:00,20,false
2023-08-27T12:13:50.304+00:00,20,false
2023-08-27T12:10:34.779+00:00,5,false
2023-08-27T12:12:10.904+00:00,20,false
2023-08-27T12:14:25.254+00:00,20,false
2023-08-27T12:14:44.904+00:00,20,false
2023-08-27T12:11:20.754+00:00,17,false
2023-08-27T12:11:17.104+00:00,17,false
2023-08-27T12:09:19.754+00:00,1,false
2023-08-27T12:09:23.429+00:00,1,false
2023-08-27T12:09:28.529+00:00,1,false
2023-08-27T12:11:19.604+00:00,17,false
2023-08-27T12:11:56.029+00:00,20,false
2023-08-27T12:12:50.379+00:00,20,false
2023-08-27T12:14:16.429+00:00,20,false
2023-08-27T12:08:50.479+00:00,1,false
2023-08-27T12:10:43.879+00:00,6,false
2023-08-27T12:13:06.104+00:00,20,false
2023-08-27T12:13:25.629+00:00,20,false
2023-08-27T12:09:13.429+00:00,1,false
2023-08-27T12:13:07.704+00:00,20,false
2023-08-27T12:14:09.354+00:00,20,false
2023-08-27T12:09:37.479+00:00,1,false
2023-08-27T12:10:05.879+00:00,2,false
2023-08-27T12:11:31.179+00:00,19,false
2023-08-27T12:10:23.754+00:00,5,false
2023-08-27T12:09:17.504+00:00,1,false
2023-08-27T12:14:13.454+00:00,20,false
2023-08-27T12:14:20.004+00:00,20,false
2023-08-27T12:08:48.279+00:00,1,false
2023-08-27T12:13:27.304+00:00,20,false
2023-08-27T12:12:55.804+00:00,20,false
2023-08-27T12:12:21.754+00:00,20,false
2023-08-27T12:12:39.079+00:00,20,false
2023-08-27T12:14:21.704+00:00,20,false
2023-08-27T12:09:38.729+00:00,1,false
2023-08-27T12:12:37.179+00:00,20,false
2023-08-27T12:14:20.529+00:00,20,false
2023-08-27T12:15:00.804+00:00,20,false
2023-08-27T12:08:28.104+00:00,1,false
2023-08-27T12:08:42.279+00:00,1,false
2023-08-27T12:12:24.929+00:00,20,false
2023-08-27T12:08:39.204+00:00,1,false
2023-08-27T12:09:25.604+00:00,1,false
2023-08-27T12:12:58.204+00:00,20,false
2023-08-27T12:12:23.004+00:00,20,false
2023-08-27T12:10:08.704+00:00,3,false
2023-08-27T12:08:34.504+00:00,1,false
2023-08-27T12:11:01.129+00:00,14,false
2023-08-27T12:13:10.029+00:00,20,false
2023-08-27T12:09:19.204+00:00,1,false
2023-08-27T12:13:41.879+00:00,20,false
2023-08-27T12:09:12.004+00:00,1,false
2023-08-27T12:09:59.604+00:00,2,false
2023-08-27T12:08:18.779+00:00,1,false
2023-08-27T12:09:08.004+00:00,1,false
2023-08-27T12:09:07.154+00:00,1,false
2023-08-27T12:10:08.204+00:00,2,false
2023-08-27T12:11:01.304+00:00,14,false
2023-08-27T12:11:59.054+00:00,20,false
2023-08-27T12:12:26.679+00:00,20,false
2023-08-27T12:13:57.404+00:00,20,false
2023-08-27T12:10:16.879+00:00,4,false
2023-08-27T12:14:44.329+00:00,20,false
2023-08-27T12:13:04.729+00:00,20,false
2023-08-27T12:12:07.329+00:00,20,false
2023-08-27T12:09:57.454+00:00,2,false
2023-08-27T12:13:07.379+00:00,20,false
2023-08-27T12:13:56.004+00:00,20,false
2023-08-27T12:09:21.579+00:00,1,false
2023-08-27T12:08:57.254+00:00,1,false
2023-08-27T12:13:02.779+00:00,20,false
2023-08-27T12:11:36.779+00:00,19,false
2023-08-27T12:12:57.104+00:00,20,false
2023-08-27T12:13:48.104+00:00,20,false
2023-08-27T12:09:43.004+00:00,2,false
2023-08-27T12:09:58.404+00:00,2,false
2023-08-27T12:09:43.679+00:00,2,false
2023-08-27T12:10:50.679+00:00,8,false
2023-08-27T12:11:13.129+00:00,16,false
2023-08-27T12:11:37.504+00:00,19,false
2023-08-27T12:13:44.179+00:00,20,false
2023-08-27T12:08:40.679+00:00,1,false
2023-08-27T12:09:56.304+00:00,2,false
2023-08-27T12:09:56.604+00:00,2,false
2023-08-27T12:12:05.054+00:00,20,false
2023-08-27T12:12:20.204+00:00,20,false
2023-08-27T12:12:43.279+00:00,20,false
2023-08-27T12:14:27.904+00:00,20,false
2023-08-27T12:14:58.204+00:00,20,false
2023-08-27T12:15:01.704+00:00,20,false
2023-08-27T12:11:51.179+00:00,20,false
2023-08-27T12:11:20.604+00:00,17,false
2023-08-27T12:11:00.404+00:00,14,false
2023-08-27T12:11:38.704+00:00,19,false
2023-08-27T12:12:04.229+00:00,20,false
2023-08-27T12:13:29.629+00:00,20,false
2023-08-27T12:10:33.579+00:00,5,false
2023-08-27T12:12:31.854+00:00,20,false
2023-08-27T12:10:00.329+00:00,2,false
2023-08-27T12:10:04.954+00:00,2,false
2023-08-27T12:09:20.804+00:00,1,false
2023-08-27T12:10:47.004+00:00,7,false
2023-08-27T12:11:34.879+00:00,19,false
2023-08-27T12:09:44.379+00:00,2,false
2023-08-27T12:09:48.054+00:00,2,false
2023-08-27T12:08:52.904+00:00,1,false
2023-08-27T12:08:21.304+00:00,1,false
2023-08-27T12:11:54.904+00:00,20,false
2023-08-27T12:12:27.604+00:00,20,false
2023-08-27T12:12:40.354+00:00,20,false
2023-08-27T12:12:46.404+00:00,20,false
2023-08-27T12:13:38.029+00:00,20,false
2023-08-27T12:10:23.354+00:00,5,false
2023-08-27T12:12:44.754+00:00,20,false
2023-08-27T12:13:02.229+00:00,20,false
2023-08-27T12:14:09.729+00:00,20,false
2023-08-27T12:09:48.429+00:00,2,false
2023-08-27T12:11:26.104+00:00,18,false
2023-08-27T12:12:17.879+00:00,20,false
2023-08-27T12:10:49.654+00:00,8,false
2023-08-27T12:09:45.904+00:00,2,false
2023-08-27T12:12:35.704+00:00,20,false
2023-08-27T12:10:26.854+00:00,5,false
2023-08-27T12:10:04.204+00:00,2,false
2023-08-27T12:10:50.904+00:00,8,false
2023-08-27T12:10:59.404+00:00,14,false
2023-08-27T12:11:29.479+00:00,19,false
2023-08-27T12:11:45.879+00:00,20,false
2023-08-27T12:13:36.304+00:00,20,false
2023-08-27T12:09:26.654+00:00,1,false
2023-08-27T12:11:06.304+00:00,14,false
2023-08-27T12:09:01.704+00:00,1,false
2023-08-27T12:11:13.404+00:00,16,false
2023-08-27T12:13:48.279+00:00,20,false
2023-08-27T12:14:07.279+00:00,20,false
2023-08-27T12:14:12.404+00:00,20,false
2023-08-27T12:11:18.354+00:00,17,false
2023-08-27T12:12:23.629+00:00,20,false
2023-08-27T12:12:37.479+00:00,20,false
2023-08-27T12:13:28.204+00:00,20,false
2023-08-27T12:13:38.779+00:00,20,false
2023-08-27T12:14:01.154+00:00,20,false
2023-08-27T12:14:05.579+00:00,20,false
2023-08-27T12:14:03.804+00:00,20,false
2023-08-27T12:10:38.979+00:00,5,false
2023-08-27T12:13:16.629+00:00,20,false
2023-08-27T12:13:50.654+00:00,20,false
2023-08-27T12:09:22.254+00:00,1,false
2023-08-27T12:14:08.104+00:00,20,false
2023-08-27T12:13:28.779+00:00,20,false
2023-08-27T12:10:55.229+00:00,12,false
2023-08-27T12:14:07.704+00:00,20,false
2023-08-27T12:13:34.004+00:00,19,false
2023-08-27T12:12:00.504+00:00,20,false
2023-08-27T12:08:18.104+00:00,1,false
2023-08-27T12:14:05.804+00:00,20,false
2023-08-27T12:14:15.629+00:00,20,false
2023-08-27T12:09:31.154+00:00,1,false
2023-08-27T12:09:52.679+00:00,2,false
2023-08-27T12:12:01.029+00:00,20,false
2023-08-27T12:08:25.204+00:00,1,false
2023-08-27T12:14:41.354+00:00,20,false
2023-08-27T12:14:43.654+00:00,20,false
2023-08-27T12:14:52.004+00:00,20,false
2023-08-27T12:14:58.679+00:00,20,false
2023-08-27T12:14:40.604+00:00,20,false
2023-08-27T12:11:09.329+00:00,14,false
2023-08-27T12:15:00.604+00:00,20,false
2023-08-27T12:11:10.504+00:00,14,false
2023-08-27T12:11:49.104+00:00,20,false
2023-08-27T12:12:35.404+00:00,20,false
2023-08-27T12:13:39.529+00:00,20,false
2023-08-27T12:14:14.479+00:00,20,false
2023-08-27T12:10:09.929+00:00,3,false
2023-08-27T12:09:57.754+00:00,2,false
2023-08-27T12:09:51.104+00:00,2,false
2023-08-27T12:10:31.154+00:00,5,false
2023-08-27T12:11:13.579+00:00,16,false
2023-08-27T12:08:36.779+00:00,1,false
2023-08-27T12:09:53.929+00:00,2,false
2023-08-27T12:08:47.004+00:00,1,false
2023-08-27T12:14:29.979+00:00,19,false
2023-08-27T12:14:31.554+00:00,20,false
2023-08-27T12:14:48.204+00:00,20,false
2023-08-27T12:10:47.279+00:00,7,false
2023-08-27T12:08:43.004+00:00,1,false
2023-08-27T12:08:24.904+00:00,1,false
2023-08-27T12:11:00.579+00:00,14,false
2023-08-27T12:14:35.104+00:00,20,false
2023-08-27T12:09:47.054+00:00,2,false
2023-08-27T12:08:34.004+00:00,1,false
2023-08-27T12:08:54.279+00:00,1,false
2023-08-27T12:10:48.104+00:00,7,false
2023-08-27T12:10:53.829+00:00,11,false
2023-08-27T12:08:32.354+00:00,1,false
2023-08-27T12:09:39.729+00:00,1,false
2023-08-27T12:12:56.454+00:00,20,false
2023-08-27T12:10:22.204+00:00,5,false
2023-08-27T12:13:13.029+00:00,20,false
2023-08-27T12:13:30.554+00:00,20,false
2023-08-27T12:09:15.604+00:00,1,false
2023-08-27T12:10:08.404+00:00,2,false
2023-08-27T12:14:22.954+00:00,20,false
2023-08-27T12:11:25.554+00:00,18,false
2023-08-27T12:12:36.079+00:00,20,false
2023-08-27T12:11:33.704+00:00,19,false
2023-08-27T12:08:48.729+00:00,1,false
2023-08-27T12:13:03.879+00:00,20,false
2023-08-27T12:12:45.079+00:00,20,false
2023-08-27T12:14:08.329+00:00,20,false
2023-08-27T12:09:49.354+00:00,2,false
2023-08-27T12:10:56.904+00:00,13,false
2023-08-27T12:09:09.504+00:00,1,false
2023-08-27T12:14:18.054+00:00,20,false
2023-08-27T12:13:22.804+00:00,20,false
2023-08-27T12:09:10.104+00:00,1,false
2023-08-27T12:08:45.779+00:00,1,false
2023-08-27T12:14:32.804+00:00,19,false
2023-08-27T12:08:58.104+00:00,1,false
2023-08-27T12:14:53.879+00:00,20,false
2023-08-27T12:10:52.204+00:00,9,false
2023-08-27T12:11:24.304+00:00,18,false
2023-08-27T12:14:57.504+00:00,20,false
2023-08-27T12:09:15.004+00:00,1,false
2023-08-27T12:13:35.054+00:00,20,false
2023-08-27T12:08:47.979+00:00,1,false
2023-08-27T12:12:32.704+00:00,20,false
2023-08-27T12:14:04.204+00:00,20,false
2023-08-27T12:09:28.979+00:00,1,false
2023-08-27T12:09:41.304+00:00,2,false
2023-08-27T12:10:00.804+00:00,2,false
2023-08-27T12:10:30.779+00:00,5,false
2023-08-27T12:13:17.129+00:00,20,false
2023-08-27T12:12:46.229+00:00,20,false
2023-08-27T12:14:35.829+00:00,20,false
2023-08-27T12:10:32.854+00:00,5,false
2023-08-27T12:08:17.854+00:00,1,false
2023-08-27T12:11:24.104+00:00,18,false
2023-08-27T12:10:03.079+00:00,2,false
2023-08-27T12:12:43.104+00:00,20,false
2023-08-27T12:12:44.079+00:00,20,false
2023-08-27T12:14:02.304+00:00,20,false
2023-08-27T12:14:02.954+00:00,20,false
2023-08-27T12:09:55.929+00:00,2,false
2023-08-27T12:10:29.154+00:00,5,false
2023-08-27T12:14:47.429+00:00,20,false
2023-08-27T12:08:24.229+00:00,1,false
2023-08-27T12:10:03.779+00:00,2,false
2023-08-27T12:10:37.229+00:00,5,false
2023-08-27T12:10:45.704+00:00,6,false
2023-08-27T12:10:57.704+00:00,13,false
2023-08-27T12:09:13.154+00:00,1,false
2023-08-27T12:12:35.604+00:00,20,false
2023-08-27T12:10:06.154+00:00,2,false
2023-08-27T12:12:40.704+00:00,20,false
2023-08-27T12:14:11.479+00:00,20,false
2023-08-27T12:11:11.804+00:00,15,false
2023-08-27T12:13:11.154+00:00,20,false
2023-08-27T12:13:46.104+00:00,20,false
2023-08-27T12:11:36.504+00:00,19,false
2023-08-27T12:12:00.354+00:00,20,false
2023-08-27T12:11:56.479+00:00,20,false
2023-08-27T12:12:55.004+00:00,20,false
2023-08-27T12:13:01.979+00:00,20,false
2023-08-27T12:13:05.154+00:00,20,false
2023-08-27T12:08:35.754+00:00,1,false
2023-08-27T12:12:17.379+00:00,20,false
2023-08-27T12:08:59.104+00:00,1,false
2023-08-27T12:12:54.529+00:00,20,false
2023-08-27T12:10:41.304+00:00,6,false
2023-08-27T12:09:05.879+00:00,1,false
2023-08-27T12:09:08.479+00:00,1,false
2023-08-27T12:11:04.404+00:00,14,false
2023-08-27T12:11:25.829+00:00,18,false
2023-08-27T12:08:26.629+00:00,1,false
2023-08-27T12:12:16.604+00:00,20,false
2023-08-27T12:12:28.379+00:00,20,false
2023-08-27T12:12:53.229+00:00,20,false
2023-08-27T12:13:53.604+00:00,20,false
2023-08-27T12:14:09.129+00:00,20,false
2023-08-27T12:14:30.904+00:00,20,false
2023-08-27T12:14:37.929+00:00,20,false
2023-08-27T12:12:51.404+00:00,20,false
2023-08-27T12:11:02.529+00:00,14,false
2023-08-27T12:11:59.379+00:00,20,false
2023-08-27T12:13:56.854+00:00,20,false
2023-08-27T12:14:05.354+00:00,20,false
2023-08-27T12:14:33.104+00:00,20,false
2023-08-27T12:10:35.604+00:00,5,false
2023-08-27T12:14:33.404+00:00,20,false
2023-08-27T12:10:03.504+00:00,2,false
2023-08-27T12:10:33.329+00:00,5,false
2023-08-27T12:12:08.829+00:00,20,false
2023-08-27T12:12:14.104+00:00,20,false
2023-08-27T12:08:40.204+00:00,1,false
2023-08-27T12:09:09.329+00:00,1,false
2023-08-27T12:13:59.504+00:00,20,false
2023-08-27T12:09:24.554+00:00,1,false
2023-08-27T12:13:33.529+00:00,20,false
2023-08-27T12:14:53.304+00:00,20,false
2023-08-27T12:10:12.704+00:00,3,false
2023-08-27T12:13:53.829+00:00,20,false
2023-08-27T12:09:13.229+00:00,1,false
2023-08-27T12:13:13.704+00:00,20,false
2023-08-27T12:11:01.829+00:00,14,false
2023-08-27T12:08:39.004+00:00,1,false
2023-08-27T12:14:57.104+00:00,20,false
2023-08-27T12:10:07.229+00:00,2,false
2023-08-27T12:10:52.404+00:00,9,false
2023-08-27T12:09:31.704+00:00,1,false
2023-08-27T12:12:27.904+00:00,20,false
2023-08-27T12:11:10.879+00:00,14,false
2023-08-27T12:12:25.504+00:00,20,false
2023-08-27T12:12:11.979+00:00,20,false
2023-08-27T12:10:23.204+00:00,5,false
2023-08-27T12:11:13.754+00:00,16,false
2023-08-27T12:13:19.504+00:00,20,false
2023-08-27T12:11:32.679+00:00,19,false
2023-08-27T12:09:43.179+00:00,2,false
2023-08-27T12:11:31.004+00:00,19,false
2023-08-27T12:12:15.654+00:00,20,false
2023-08-27T12:12:41.429+00:00,20,false
2023-08-27T12:10:12.004+00:00,3,false
2023-08-27T12:10:58.104+00:00,13,false
2023-08-27T12:12:02.079+00:00,20,false
2023-08-27T12:11:23.804+00:00,18,false
2023-08-27T12:09:05.679+00:00,1,false
2023-08-27T12:08:31.054+00:00,1,false
2023-08-27T12:12:19.654+00:00,20,false
2023-08-27T12:11:05.904+00:00,14,false
2023-08-27T12:11:21.629+00:00,18,false
2023-08-27T12:12:12.354+00:00,20,false
2023-08-27T12:13:20.979+00:00,20,false
2023-08-27T12:14:53.504+00:00,20,false
2023-08-27T12:08:27.529+00:00,1,false
2023-08-27T12:12:29.854+00:00,20,false
2023-08-27T12:11:53.279+00:00,20,false
2023-08-27T12:14:55.904+00:00,20,false
2023-08-27T12:09:46.529+00:00,2,false
2023-08-27T12:12:18.179+00:00,20,false
2023-08-27T12:14:43.404+00:00,20,false
2023-08-27T12:11:42.029+00:00,19,false
2023-08-27T12:13:49.454+00:00,20,false
2023-08-27T12:10:44.829+00:00,6,false
2023-08-27T12:13:40.679+00:00,20,false
2023-08-27T12:09:13.679+00:00,1,false
2023-08-27T12:10:09.404+00:00,3,false
2023-08-27T12:09:25.929+00:00,1,false
2023-08-27T12:11:43.429+00:00,20,false
2023-08-27T12:08:26.404+00:00,1,false
2023-08-27T12:10:18.529+00:00,4,false
2023-08-27T12:12:23.704+00:00,20,false
2023-08-27T12:08:56.579+00:00,1,false
2023-08-27T12:08:45.504+00:00,1,false
2023-08-27T12:14:29.329+00:00,20,false
2023-08-27T12:12:36.654+00:00,20,false
2023-08-27T12:14:40.229+00:00,20,false
2023-08-27T12:12:41.829+00:00,20,false
2023-08-27T12:09:42.804+00:00,2,false
2023-08-27T12:12:38.504+00:00,20,false
2023-08-27T12:14:18.879+00:00,20,false
2023-08-27T12:11:14.704+00:00,16,false
2023-08-27T12:13:54.504+00:00,20,false
2023-08-27T12:09:21.904+00:00,1,false
2023-08-27T12:11:18.204+00:00,17,false
2023-08-27T12:10:55.704+00:00,12,false
2023-08-27T12:14:00.379+00:00,20,false
2023-08-27T12:10:23.579+00:00,5,false
2023-08-27T12:10:32.104+00:00,5,false
2023-08-27T12:12:10.654+00:00,20,false
2023-08-27T12:09:41.579+00:00,2,false
2023-08-27T12:11:39.779+00:00,19,false
2023-08-27T12:11:38.904+00:00,19,false
2023-08-27T12:11:58.404+00:00,20,false
2023-08-27T12:08:33.629+00:00,1,false
2023-08-27T12:08:47.579+00:00,1,false
2023-08-27T12:14:18.504+00:00,20,false
2023-08-27T12:14:24.179+00:00,20,false
2023-08-27T12:08:25.779+00:00,1,false
2023-08-27T12:14:32.979+00:00,20,false
2023-08-27T12:14:01.604+00:00,20,false
2023-08-27T12:14:34.604+00:00,20,false
2023-08-27T12:12:15.129+00:00,20,false
2023-08-27T12:11:11.604+00:00,15,false
2023-08-27T12:08:37.054+00:00,1,false
2023-08-27T12:12:55.129+00:00,20,false
2023-08-27T12:11:05.404+00:00,14,false
2023-08-27T12:14:45.829+00:00,20,false
2023-08-27T12:11:45.629+00:00,20,false
2023-08-27T12:11:43.704+00:00,20,false
2023-08-27T12:14:44.654+00:00,20,false
2023-08-27T12:09:54.629+00:00,2,false
2023-08-27T12:10:34.354+00:00,5,false
2023-08-27T12:11:11.529+00:00,15,false
2023-08-27T12:13:05.329+00:00,20,false
2023-08-27T12:10:24.304+00:00,5,false
2023-08-27T12:13:20.104+00:00,20,false
2023-08-27T12:11:42.529+00:00,20,false
2023-08-27T12:09:59.979+00:00,2,false
2023-08-27T12:09:07.829+00:00,1,false
2023-08-27T12:08:39.429+00:00,1,false
2023-08-27T12:08:42.004+00:00,1,false
2023-08-27T12:09:02.054+00:00,1,false
2023-08-27T12:08:59.404+00:00,1,false
2023-08-27T12:09:49.104+00:00,2,false
2023-08-27T12:14:10.604+00:00,20,false
2023-08-27T12:14:17.229+00:00,20,false
2023-08-27T12:14:31.329+00:00,20,false
2023-08-27T12:11:15.854+00:00,16,false
2023-08-27T12:09:02.829+00:00,1,false
2023-08-27T12:09:34.179+00:00,1,false
2023-08-27T12:11:54.429+00:00,20,false
2023-08-27T12:11:32.379+00:00,19,false
2023-08-27T12:11:33.329+00:00,19,false
2023-08-27T12:12:49.304+00:00,20,false
2023-08-27T12:11:08.604+00:00,14,false
2023-08-27T12:08:46.754+00:00,1,false
2023-08-27T12:09:01.154+00:00,1,false
2023-08-27T12:12:22.179+00:00,20,false
2023-08-27T12:08:53.979+00:00,1,false
2023-08-27T12:09:54.679+00:00,2,false
2023-08-27T12:08:31.279+00:00,1,false
2023-08-27T12:12:53.729+00:00,20,false
2023-08-27T12:11:53.854+00:00,20,false
2023-08-27T12:14:20.104+00:00,20,false
2023-08-27T12:13:40.079+00:00,19,false
2023-08-27T12:08:23.629+00:00,1,false
2023-08-27T12:13:01.579+00:00,20,false
2023-08-27T12:13:06.729+00:00,19,false
2023-08-27T12:13:34.254+00:00,20,false
2023-08-27T12:14:34.104+00:00,20,false
2023-08-27T12:11:16.479+00:00,16,false
2023-08-27T12:09:32.754+00:00,1,false
2023-08-27T12:09:40.029+00:00,1,false
2023-08-27T12:12:19.804+00:00,20,false
2023-08-27T12:10:44.204+00:00,6,false
2023-08-27T12:10:59.154+00:00,14,false
2023-08-27T12:13:22.529+00:00,20,false
2023-08-27T12:11:57.304+00:00,20,false
2023-08-27T12:11:04.204+00:00,14,false
2023-08-27T12:11:15.079+00:00,16,false
2023-08-27T12:10:27.429+00:00,5,false
2023-08-27T12:11:03.604+00:00,14,false
2023-08-27T12:12:43.879+00:00,20,false
2023-08-27T12:12:26.104+00:00,20,false
2023-08-27T12:13:24.454+00:00,20,false
2023-08-27T12:12:51.804+00:00,20,false
2023-08-27T12:10:16.579+00:00,3,false
2023-08-27T12:14:17.504+00:00,20,false
2023-08-27T12:08:18.504+00:00,1,false
2023-08-27T12:08:27.904+00:00,1,false
2023-08-27T12:11:22.279+00:00,18,false
2023-08-27T12:11:10.104+00:00,14,false
2023-08-27T12:10:58.354+00:00,13,false
2023-08-27T12:12:09.804+00:00,20,false
2023-08-27T12:14:49.004+00:00,20,false
2023-08-27T12:13:07.129+00:00,19,false
2023-08-27T12:14:31.804+00:00,20,false
2023-08-27T12:09:39.304+00:00,1,false
2023-08-27T12:09:23.629+00:00,1,false
2023-08-27T12:13:51.929+00:00,20,false
2023-08-27T12:14:21.404+00:00,20,false
2023-08-27T12:14:56.904+00:00,20,false
2023-08-27T12:12:42.329+00:00,20,false
2023-08-27T12:14:54.554+00:00,20,false
2023-08-27T12:12:30.404+00:00,20,false
2023-08-27T12:08:40.804+00:00,1,false
2023-08-27T12:09:24.204+00:00,1,false
2023-08-27T12:12:14.454+00:00,20,false
2023-08-27T12:08:42.804+00:00,1,false
2023-08-27T12:09:37.279+00:00,1,false
2023-08-27T12:12:34.979+00:00,20,false
2023-08-27T12:08:52.279+00:00,1,false
2023-08-27T12:13:03.229+00:00,20,false
2023-08-27T12:10:13.154+00:00,3,false
2023-08-27T12:14:50.329+00:00,20,false
2023-08-27T12:08:21.479+00:00,1,false
2023-08-27T12:12:39.729+00:00,20,false
2023-08-27T12:10:40.379+00:00,5,false
2023-08-27T12:12:54.154+00:00,20,false
2023-08-27T12:14:07.504+00:00,20,false
2023-08-27T12:12:54.354+00:00,20,false
2023-08-27T12:13:31.979+00:00,20,false
2023-08-27T12:13:08.104+00:00,20,false
2023-08-27T12:14:14.279+00:00,20,false
2023-08-27T12:10:17.954+00:00,4,false
2023-08-27T12:11:47.204+00:00,20,false
2023-08-27T12:13:18.404+00:00,20,false
2023-08-27T12:10:28.079+00:00,5,false
2023-08-27T12:11:30.004+00:00,19,false
2023-08-27T12:11:41.354+00:00,19,false
2023-08-27T12:13:58.229+00:00,20,false
2023-08-27T12:09:36.129+00:00,1,false
2023-08-27T12:14:46.304+00:00,20,false
2023-08-27T12:14:48.379+00:00,20,false
2023-08-27T12:14:50.779+00:00,20,false
2023-08-27T12:12:43.554+00:00,20,false
2023-08-27T12:11:12.879+00:00,16,false
2023-08-27T12:12:32.279+00:00,20,false
2023-08-27T12:12:44.879+00:00,20,false
2023-08-27T12:09:16.529+00:00,1,false
2023-08-27T12:12:34.379+00:00,20,false
2023-08-27T12:12:33.954+00:00,20,false
2023-08-27T12:10:56.504+00:00,13,false
2023-08-27T12:09:05.204+00:00,1,false
2023-08-27T12:09:14.429+00:00,1,false
2023-08-27T12:11:02.229+00:00,14,false
2023-08-27T12:08:35.504+00:00,1,false
2023-08-27T12:12:29.054+00:00,20,false
2023-08-27T12:13:59.054+00:00,20,false
2023-08-27T12:14:15.004+00:00,20,false
2023-08-27T12:08:49.179+00:00,1,false
2023-08-27T12:13:24.254+00:00,20,false
2023-08-27T12:10:13.454+00:00,3,false
2023-08-27T12:08:57.029+00:00,1,false
2023-08-27T12:13:08.754+00:00,20,false
2023-08-27T12:09:47.654+00:00,2,false
2023-08-27T12:14:09.904+00:00,20,false
2023-08-27T12:14:39.679+00:00,20,false
2023-08-27T12:09:17.904+00:00,1,false
2023-08-27T12:10:57.504+00:00,13,false
2023-08-27T12:13:47.279+00:00,20,false
2023-08-27T12:10:30.004+00:00,5,false
2023-08-27T12:12:14.729+00:00,20,false
2023-08-27T12:11:51.079+00:00,20,false
2023-08-27T12:10:20.904+00:00,5,false
2023-08-27T12:12:20.479+00:00,20,false
2023-08-27T12:11:32.804+00:00,19,false
2023-08-27T12:11:58.204+00:00,20,false
2023-08-27T12:11:08.004+00:00,14,false
2023-08-27T12:11:11.304+00:00,15,false
2023-08-27T12:11:15.429+00:00,16,false
2023-08-27T12:11:49.804+00:00,20,false
2023-08-27T12:08:53.129+00:00,1,false
2023-08-27T12:10:36.804+00:00,5,false
2023-08-27T12:14:53.029+00:00,20,false
2023-08-27T12:11:20.004+00:00,17,false
2023-08-27T12:09:59.379+00:00,2,false
2023-08-27T12:10:42.454+00:00,6,false
2023-08-27T12:10:03.304+00:00,2,false
2023-08-27T12:10:56.079+00:00,13,false
2023-08-27T12:12:43.729+00:00,20,false
2023-08-27T12:14:18.229+00:00,20,false
2023-08-27T12:08:45.254+00:00,1,false
2023-08-27T12:09:00.329+00:00,1,false
2023-08-27T12:08:32.529+00:00,1,false
2023-08-27T12:12:16.979+00:00,20,false
2023-08-27T12:14:14.004+00:00,20,false
2023-08-27T12:10:39.754+00:00,5,false
2023-08-27T12:13:20.704+00:00,20,false
2023-08-27T12:11:57.329+00:00,20,false
2023-08-27T12:13:46.254+00:00,20,false
2023-08-27T12:13:25.904+00:00,20,false
2023-08-27T12:14:49.904+00:00,20,false
2023-08-27T12:11:42.379+00:00,19,false
2023-08-27T12:09:00.654+00:00,1,false
2023-08-27T12:10:13.829+00:00,3,false
2023-08-27T12:13:00.179+00:00,20,false
2023-08-27T12:14:24.829+00:00,20,false
2023-08-27T12:11:54.179+00:00,20,false
2023-08-27T12:08:26.204+00:00,1,false
2023-08-27T12:09:34.929+00:00,1,false
2023-08-27T12:09:24.079+00:00,1,false
2023-08-27T12:09:48.554+00:00,2,false
2023-08-27T12:11:33.854+00:00,19,false
2023-08-27T12:08:33.329+00:00,1,false
2023-08-27T12:11:53.504+00:00,20,false
2023-08-27T12:14:21.904+00:00,20,false
2023-08-27T12:10:19.479+00:00,4,false
2023-08-27T12:13:43.729+00:00,20,false
2023-08-27T12:14:25.579+00:00,20,false
2023-08-27T12:14:28.204+00:00,20,false
2023-08-27T12:13:33.029+00:00,20,false
2023-08-27T12:10:45.354+00:00,6,false
2023-08-27T12:08:23.304+00:00,1,false
2023-08-27T12:09:38.379+00:00,1,false
2023-08-27T12:14:49.629+00:00,20,false
2023-08-27T12:13:54.204+00:00,20,false
2023-08-27T12:12:56.829+00:00,20,false
2023-08-27T12:11:46.204+00:00,20,false
2023-08-27T12:10:19.704+00:00,4,false
2023-08-27T12:13:37.804+00:00,20,false
2023-08-27T12:11:39.304+00:00,19,false
2023-08-27T12:11:10.704+00:00,14,false
2023-08-27T12:13:43.179+00:00,20,false
2023-08-27T12:09:27.929+00:00,1,false
2023-08-27T12:11:14.004+00:00,16,false
2023-08-27T12:09:53.379+00:00,2,false
2023-08-27T12:08:49.804+00:00,1,false
2023-08-27T12:10:38.304+00:00,5,false
2023-08-27T12:10:43.304+00:00,6,false
2023-08-27T12:14:40.179+00:00,20,false
2023-08-27T12:10:34.104+00:00,5,false
2023-08-27T12:12:38.804+00:00,20,false
2023-08-27T12:13:20.204+00:00,20,false
2023-08-27T12:11:28.204+00:00,19,false
2023-08-27T12:12:48.554+00:00,20,false
2023-08-27T12:10:02.679+00:00,2,false
2023-08-27T12:12:02.354+00:00,20,false
2023-08-27T12:14:47.104+00:00,20,false
2023-08-27T12:10:18.804+00:00,4,false
2023-08-27T12:09:42.479+00:00,2,false
2023-08-27T12:10:17.804+00:00,4,false
2023-08-27T12:14:29.504+00:00,20,false
2023-08-27T12:09:23.879+00:00,1,false
2023-08-27T12:10:59.454+00:00,14,false
2023-08-27T12:13:19.204+00:00,20,false
2023-08-27T12:13:59.279+00:00,20,false
2023-08-27T12:14:50.154+00:00,20,false
2023-08-27T12:13:25.379+00:00,19,false
2023-08-27T12:14:55.504+00:00,20,false
2023-08-27T12:11:28.404+00:00,19,false
2023-08-27T12:12:04.504+00:00,20,false
2023-08-27T12:10:57.929+00:00,13,false
2023-08-27T12:10:12.929+00:00,3,false
2023-08-27T12:09:22.504+00:00,1,false
2023-08-27T12:14:43.054+00:00,20,false
2023-08-27T12:10:24.529+00:00,5,false
2023-08-27T12:11:52.704+00:00,20,false
2023-08-27T12:12:12.729+00:00,20,false
2023-08-27T12:11:44.654+00:00,20,false
2023-08-27T12:14:57.954+00:00,20,false
2023-08-27T12:12:25.679+00:00,20,false
2023-08-27T12:13:42.054+00:00,20,false
2023-08-27T12:09:20.004+00:00,1,false
2023-08-27T12:14:41.804+00:00,20,false
2023-08-27T12:14:45.104+00:00,20,false
2023-08-27T12:14:51.129+00:00,20,false
2023-08-27T12:12:16.179+00:00,20,false
2023-08-27T12:15:00.104+00:00,20,false
2023-08-27T12:13:10.304+00:00,20,false
2023-08-27T12:10:44.679+00:00,6,false
2023-08-27T12:14:37.379+00:00,20,false
2023-08-27T12:13:41.004+00:00,20,false
2023-08-27T12:08:52.079+00:00,1,false
2023-08-27T12:09:02.354+00:00,1,false
2023-08-27T12:10:46.079+00:00,6,false
2023-08-27T12:11:16.704+00:00,16,false
2023-08-27T12:12:32.479+00:00,20,false
2023-08-27T12:14:47.504+00:00,20,false
2023-08-27T12:09:41.804+00:00,2,false
2023-08-27T12:13:47.904+00:00,20,false
2023-08-27T12:14:26.729+00:00,20,false
2023-08-27T12:15:01.879+00:00,12,false
2023-08-27T12:14:42.654+00:00,20,false
2023-08-27T12:12:07.704+00:00,20,false
2023-08-27T12:09:18.304+00:00,1,false
2023-08-27T12:09:01.404+00:00,1,false
2023-08-27T12:10:21.354+00:00,5,false
2023-08-27T12:10:30.204+00:00,5,false
2023-08-27T12:14:30.379+00:00,20,false
2023-08-27T12:13:27.104+00:00,20,false
2023-08-27T12:11:02.829+00:00,14,false
2023-08-27T12:13:48.779+00:00,20,false
2023-08-27T12:11:48.954+00:00,20,false
2023-08-27T12:11:23.204+00:00,18,false
2023-08-27T12:09:24.404+00:00,1,false
2023-08-27T12:11:27.904+00:00,19,false
2023-08-27T12:12:50.529+00:00,20,false
2023-08-27T12:13:16.029+00:00,20,false
2023-08-27T12:10:04.754+00:00,2,false
2023-08-27T12:12:01.279+00:00,20,false
2023-08-27T12:14:16.004+00:00,20,false
2023-08-27T12:14:17.804+00:00,20,false
2023-08-27T12:10:22.629+00:00,5,false
2023-08-27T12:11:37.004+00:00,19,false
2023-08-27T12:13:17.004+00:00,20,false
2023-08-27T12:11:16.304+00:00,16,false
2023-08-27T12:11:14.304+00:00,16,false
2023-08-27T12:12:45.379+00:00,20,false
2023-08-27T12:09:26.329+00:00,1,false
2023-08-27T12:11:26.579+00:00,19,false
2023-08-27T12:14:11.029+00:00,20,false
2023-08-27T12:13:12.804+00:00,20,false
2023-08-27T12:08:24.004+00:00,1,false
2023-08-27T12:13:12.579+00:00,20,false
2023-08-27T12:09:54.304+00:00,2,false
2023-08-27T12:11:51.404+00:00,20,false
2023-08-27T12:12:08.529+00:00,20,false
2023-08-27T12:11:33.079+00:00,19,false
2023-08-27T12:13:42.679+00:00,20,false
2023-08-27T12:10:35.429+00:00,5,false
2023-08-27T12:13:27.529+00:00,20,false
2023-08-27T12:13:37.604+00:00,20,false
2023-08-27T12:11:06.154+00:00,14,false
2023-08-27T12:13:35.879+00:00,20,false
2023-08-27T12:13:57.104+00:00,20,false
2023-08-27T12:10:47.629+00:00,7,false
2023-08-27T12:08:54.504+00:00,1,false
2023-08-27T12:11:52.929+00:00,20,false
2023-08-27T12:13:32.229+00:00,20,false
2023-08-27T12:14:38.154+00:00,20,false
2023-08-27T12:15:01.529+00:00,20,false
2023-08-27T12:13:55.679+00:00,20,false
2023-08-27T12:13:14.079+00:00,20,false
2023-08-27T12:09:49.854+00:00,2,false
2023-08-27T12:12:59.004+00:00,20,false
2023-08-27T12:13:54.679+00:00,20,false
2023-08-27T12:12:48.229+00:00,20,false
2023-08-27T12:09:39.004+00:00,1,false
2023-08-27T12:11:52.279+00:00,20,false
2023-08-27T12:08:38.229+00:00,1,false
2023-08-27T12:12:10.079+00:00,20,false
2023-08-27T12:10:48.604+00:00,7,false
2023-08-27T12:13:25.004+00:00,20,false
2023-08-27T12:10:18.329+00:00,4,false
2023-08-27T12:13:06.904+00:00,20,false
2023-08-27T12:09:14.204+00:00,1,false
2023-08-27T12:12:24.679+00:00,20,false
2023-08-27T12:11:46.404+00:00,20,false
2023-08-27T12:08:49.504+00:00,1,false
2023-08-27T12:12:15.904+00:00,20,false
2023-08-27T12:08:33.129+00:00,1,false
2023-08-27T12:09:52.354+00:00,2,false
2023-08-27T12:13:42.279+00:00,19,false
2023-08-27T12:13:52.429+00:00,20,false
2023-08-27T12:13:32.829+00:00,20,false
2023-08-27T12:09:09.079+00:00,1,false
2023-08-27T12:10:14.054+00:00,3,false
2023-08-27T12:10:17.579+00:00,4,false
2023-08-27T12:11:30.229+00:00,19,false
2023-08-27T12:11:44.279+00:00,20,false
2023-08-27T12:10:51.904+00:00,9,false
2023-08-27T12:08:28.679+00:00,1,false
2023-08-27T12:11:23.004+00:00,18,false
2023-08-27T12:12:58.079+00:00,20,false
2023-08-27T12:10:16.754+00:00,4,false
2023-08-27T12:13:28.604+00:00,20,false
2023-08-27T12:13:30.379+00:00,20,false
2023-08-27T12:13:34.379+00:00,20,false
2023-08-27T12:09:09.929+00:00,1,false
2023-08-27T12:14:51.604+00:00,20,false
2023-08-27T12:10:54.104+00:00,12,false
2023-08-27T12:11:19.804+00:00,17,false
2023-08-27T12:13:42.479+00:00,20,false
2023-08-27T12:13:45.629+00:00,20,false
2023-08-27T12:09:37.704+00:00,1,false
2023-08-27T12:11:57.579+00:00,20,false
2023-08-27T12:12:13.304+00:00,20,false
2023-08-27T12:13:04.204+00:00,20,false
2023-08-27T12:08:50.079+00:00,1,false
2023-08-27T12:14:35.679+00:00,20,false
2023-08-27T12:09:49.579+00:00,2,false
2023-08-27T12:11:45.079+00:00,20,false
2023-08-27T12:09:06.529+00:00,1,false
2023-08-27T12:09:33.179+00:00,1,false
2023-08-27T12:08:43.654+00:00,1,false
2023-08-27T12:10:43.504+00:00,6,false
2023-08-27T12:09:27.504+00:00,1,false
2023-08-27T12:11:43.954+00:00,20,false
2023-08-27T12:11:55.504+00:00,20,false
2023-08-27T12:14:17.079+00:00,20,false
2023-08-27T12:12:56.279+00:00,20,false
2023-08-27T12:11:37.704+00:00,19,false
2023-08-27T12:11:09.879+00:00,14,false
2023-08-27T12:14:23.854+00:00,20,false
2023-08-27T12:09:20.229+00:00,1,false
2023-08-27T12:10:01.154+00:00,2,false
2023-08-27T12:11:03.379+00:00,14,false
2023-08-27T12:11:00.754+00:00,13,false
2023-08-27T12:11:22.054+00:00,18,false
2023-08-27T12:11:51.679+00:00,20,false
2023-08-27T12:08:59.604+00:00,1,false
2023-08-27T12:12:06.229+00:00,20,false
2023-08-27T12:08:48.929+00:00,1,false
2023-08-27T12:10:32.579+00:00,5,false
2023-08-27T12:12:53.004+00:00,20,false
2023-08-27T12:11:49.604+00:00,20,false
2023-08-27T12:14:08.704+00:00,20,false
2023-08-27T12:14:53.579+00:00,20,false
2023-08-27T12:10:01.479+00:00,2,false
2023-08-27T12:13:23.079+00:00,20,false
2023-08-27T12:09:21.354+00:00,1,false
2023-08-27T12:10:36.479+00:00,5,false
2023-08-27T12:11:55.329+00:00,20,false
2023-08-27T12:13:51.554+00:00,20,false
2023-08-27T12:13:49.129+00:00,20,false
2023-08-27T12:11:42.829+00:00,20,false
2023-08-27T12:13:05.604+00:00,20,false
2023-08-27T12:11:59.604+00:00,20,false
2023-08-27T12:10:51.454+00:00,9,false
2023-08-27T12:08:22.904+00:00,1,false
2023-08-27T12:09:32.004+00:00,1,false
2023-08-27T12:13:57.604+00:00,20,false
2023-08-27T12:11:35.529+00:00,19,false
2023-08-27T12:12:18.504+00:00,20,false
2023-08-27T12:14:04.404+00:00,20,false
2023-08-27T12:13:22.254+00:00,20,false
2023-08-27T12:09:36.679+00:00,1,false
2023-08-27T12:13:32.429+00:00,20,false
2023-08-27T12:08:51.929+00:00,1,false
2023-08-27T12:10:25.604+00:00,5,false
2023-08-27T12:10:54.429+00:00,12,false
2023-08-27T12:12:31.679+00:00,20,false
2023-08-27T12:13:38.229+00:00,20,false
2023-08-27T12:10:52.804+00:00,9,false
2023-08-27T12:08:48.504+00:00,1,false
2023-08-27T12:09:38.579+00:00,1,false
2023-08-27T12:10:40.979+00:00,6,false
2023-08-27T12:08:28.254+00:00,1,false
2023-08-27T12:10:15.129+00:00,3,false
2023-08-27T12:13:51.129+00:00,20,false
2023-08-27T12:08:39.779+00:00,1,false
2023-08-27T12:08:52.529+00:00,1,false
2023-08-27T12:14:34.204+00:00,20,false
2023-08-27T12:09:58.829+00:00,2,false
2023-08-27T12:13:24.054+00:00,20,false
2023-08-27T12:14:32.554+00:00,20,false
2023-08-27T12:14:27.429+00:00,20,false
2023-08-27T12:11:52.054+00:00,20,false
2023-08-27T12:10:12.504+00:00,3,false
2023-08-27T12:09:05.479+00:00,1,false
2023-08-27T12:10:58.504+00:00,13,false
2023-08-27T12:12:52.929+00:00,20,false
2023-08-27T12:12:30.854+00:00,20,false
2023-08-27T12:13:04.079+00:00,20,false
2023-08-27T12:10:30.429+00:00,5,false
2023-08-27T12:10:44.429+00:00,6,false
2023-08-27T12:11:17.454+00:00,17,false
2023-08-27T12:10:12.254+00:00,3,false
2023-08-27T12:09:37.054+00:00,1,false
2023-08-27T12:09:20.504+00:00,1,false
2023-08-27T12:14:16.604+00:00,20,false
2023-08-27T12:08:30.104+00:00,1,false
2023-08-27T12:09:29.704+00:00,1,false
2023-08-27T12:11:20.329+00:00,17,false
2023-08-27T12:13:11.479+00:00,20,false
2023-08-27T12:10:17.304+00:00,4,false
2023-08-27T12:14:08.954+00:00,20,false
2023-08-27T12:08:40.404+00:00,1,false
2023-08-27T12:14:26.554+00:00,20,false
2023-08-27T12:10:48.779+00:00,7,false
2023-08-27T12:11:29.704+00:00,19,false
2023-08-27T12:09:30.404+00:00,1,false
2023-08-27T12:10:50.504+00:00,8,false
2023-08-27T12:14:46.479+00:00,20,false
2023-08-27T12:14:03.204+00:00,20,false
2023-08-27T12:14:26.279+00:00,20,false
2023-08-27T12:10:30.604+00:00,5,false
2023-08-27T12:12:08.354+00:00,20,false
2023-08-27T12:10:07.504+00:00,2,false
2023-08-27T12:13:09.829+00:00,20,false
2023-08-27T12:09:04.454+00:00,1,false
2023-08-27T12:10:26.679+00:00,5,false
2023-08-27T12:13:14.204+00:00,20,false
2023-08-27T12:13:16.454+00:00,19,false
2023-08-27T12:11:40.404+00:00,19,false
2023-08-27T12:12:52.654+00:00,20,false
2023-08-27T12:10:14.304+00:00,3,false
2023-08-27T12:11:12.329+00:00,15,false
2023-08-27T12:09:40.454+00:00,1,false
2023-08-27T12:12:47.529+00:00,20,false
2023-08-27T12:13:23.804+00:00,20,false
2023-08-27T12:09:53.529+00:00,2,false
2023-08-27T12:13:41.679+00:00,20,false
2023-08-27T12:10:54.954+00:00,12,false
2023-08-27T12:13:52.904+00:00,20,false
2023-08-27T12:08:32.704+00:00,1,false
2023-08-27T12:08:46.304+00:00,1,false
2023-08-27T12:10:41.604+00:00,6,false
2023-08-27T12:08:51.104+00:00,1,false
2023-08-27T12:10:07.004+00:00,2,false
2023-08-27T12:10:36.204+00:00,5,false
2023-08-27T12:11:16.879+00:00,16,false
2023-08-27T12:13:31.404+00:00,20,false
2023-08-27T12:14:16.754+00:00,20,false
2023-08-27T12:09:00.154+00:00,1,false
2023-08-27T12:09:14.004+00:00,1,false
2023-08-27T12:11:56.154+00:00,20,false
2023-08-27T12:14:29.704+00:00,20,false
2023-08-27T12:09:32.504+00:00,1,false
2023-08-27T12:14:33.804+00:00,20,false
2023-08-27T12:14:52.804+00:00,20,false
2023-08-27T12:08:44.729+00:00,1,false
2023-08-27T12:11:06.779+00:00,14,false
2023-08-27T12:08:41.854+00:00,1,false
2023-08-27T12:10:10.829+00:00,3,false
2023-08-27T12:12:42.579+00:00,20,false
2023-08-27T12:13:02.604+00:00,20,false
2023-08-27T12:08:37.679+00:00,1,false
2023-08-27T12:11:11.104+00:00,15,false
2023-08-27T12:11:20.904+00:00,17,false
2023-08-27T12:10:49.104+00:00,7,false
2023-08-27T12:14:36.204+00:00,20,false
2023-08-27T12:14:47.929+00:00,20,false
2023-08-27T12:11:44.454+00:00,20,false
2023-08-27T12:14:54.104+00:00,20,false
2023-08-27T12:14:56.404+00:00,20,false
2023-08-27T12:09:52.929+00:00,2,false
2023-08-27T12:10:47.854+00:00,7,false
2023-08-27T12:10:24.004+00:00,5,false
2023-08-27T12:11:24.654+00:00,18,false
2023-08-27T12:09:29.504+00:00,1,false
2023-08-27T12:12:49.804+00:00,20,false
2023-08-27T12:14:21.179+00:00,20,false
2023-08-27T12:08:29.229+00:00,1,false
2023-08-27T12:12:29.404+00:00,20,false
2023-08-27T12:08:22.329+00:00,1,false
2023-08-27T12:13:03.579+00:00,20,false
2023-08-27T12:10:15.729+00:00,3,false
2023-08-27T12:14:58.829+00:00,20,false
2023-08-27T12:12:22.479+00:00,20,false
2023-08-27T12:12:59.629+00:00,20,false
2023-08-27T12:14:43.229+00:00,20,false
2023-08-27T12:08:27.254+00:00,1,false
2023-08-27T12:13:21.829+00:00,20,false
2023-08-27T12:09:25.404+00:00,1,false
2023-08-27T12:10:57.129+00:00,13,false
2023-08-27T12:08:46.129+00:00,1,false
2023-08-27T12:11:43.104+00:00,20,false
2023-08-27T12:13:50.079+00:00,20,false
2023-08-27T12:13:28.929+00:00,20,false
2023-08-27T12:14:20.729+00:00,20,false
2023-08-27T12:09:15.229+00:00,1,false
2023-08-27T12:13:39.154+00:00,20,false
2023-08-27T12:08:58.754+00:00,1,false
2023-08-27T12:14:57.379+00:00,20,false
2023-08-27T12:10:26.354+00:00,5,false
2023-08-27T12:08:21.829+00:00,1,false
2023-08-27T12:14:40.979+00:00,20,false
2023-08-27T12:10:52.604+00:00,9,false
2023-08-27T12:12:50.154+00:00,20,false
2023-08-27T12:09:53.129+00:00,2,false
2023-08-27T12:12:18.629+00:00,20,false
2023-08-27T12:14:19.704+00:00,20,false
2023-08-27T12:09:30.204+00:00,1,false
2023-08-27T12:09:33.404+00:00,1,false
2023-08-27T12:14:46.079+00:00,20,false
2023-08-27T12:09:41.254+00:00,2,false
2023-08-27T12:12:50.754+00:00,20,false
2023-08-27T12:13:06.504+00:00,20,false
2023-08-27T12:13:14.454+00:00,20,false
2023-08-27T12:10:28.379+00:00,5,false
2023-08-27T12:12:46.979+00:00,20,false
2023-08-27T12:08:29.704+00:00,1,false
2023-08-27T12:09:46.179+00:00,2,false
2023-08-27T12:11:07.554+00:00,14,false
2023-08-27T12:14:55.729+00:00,20,false
2023-08-27T12:09:35.179+00:00,1,false
2023-08-27T12:09:12.204+00:00,1,false
2023-08-27T12:10:40.629+00:00,5,false
2023-08-27T12:11:08.279+00:00,14,false
2023-08-27T12:13:15.754+00:00,20,false
2023-08-27T12:09:36.404+00:00,1,false
2023-08-27T12:08:41.404+00:00,1,false
2023-08-27T12:09:08.279+00:00,1,false
2023-08-27T12:12:13.104+00:00,20,false
2023-08-27T12:11:38.304+00:00,19,false
2023-08-27T12:12:57.304+00:00,20,false
2023-08-27T12:13:53.329+00:00,20,false
2023-08-27T12:10:15.904+00:00,3,false
2023-08-27T12:12:28.854+00:00,20,false
2023-08-27T12:09:14.779+00:00,1,false
2023-08-27T12:13:25.254+00:00,20,false
2023-08-27T12:11:40.204+00:00,19,false
2023-08-27T12:14:04.829+00:00,20,false
2023-08-27T12:14:20.329+00:00,20,false
2023-08-27T12:12:46.804+00:00,20,false
2023-08-27T12:14:15.229+00:00,20,false
2023-08-27T12:10:48.404+00:00,7,false
2023-08-27T12:14:49.379+00:00,20,false
2023-08-27T12:14:29.104+00:00,20,false
2023-08-27T12:09:32.904+00:00,1,false
2023-08-27T12:10:24.979+00:00,5,false
2023-08-27T12:09:08.754+00:00,1,false
2023-08-27T12:09:34.504+00:00,1,false
2023-08-27T12:09:18.704+00:00,1,false
2023-08-27T12:09:10.779+00:00,1,false
2023-08-27T12:11:35.979+00:00,19,false
2023-08-27T12:12:28.079+00:00,20,false
2023-08-27T12:09:09.779+00:00,1,false
2023-08-27T12:12:01.304+00:00,20,false
2023-08-27T12:13:51.729+00:00,20,false
2023-08-27T12:13:06.304+00:00,20,false
2023-08-27T12:14:27.079+00:00,20,false
2023-08-27T12:10:37.904+00:00,5,false
2023-08-27T12:08:54.704+00:00,1,false
2023-08-27T12:13:22.079+00:00,20,false
2023-08-27T12:08:47.304+00:00,1,false
2023-08-27T12:12:33.254+00:00,20,false
2023-08-27T12:11:58.104+00:00,20,false
2023-08-27T12:14:49.304+00:00,20,false
2023-08-27T12:13:52.154+00:00,20,false
2023-08-27T12:08:53.554+00:00,1,false
2023-08-27T12:09:01.554+00:00,1,false
2023-08-27T12:12:00.829+00:00,20,false
2023-08-27T12:11:25.179+00:00,18,false
2023-08-27T12:13:03.404+00:00,20,false
2023-08-27T12:13:09.504+00:00,20,false
2023-08-27T12:14:58.429+00:00,20,false
2023-08-27T12:08:35.104+00:00,1,false
2023-08-27T12:11:59.779+00:00,20,false
2023-08-27T12:14:07.854+00:00,20,false
2023-08-27T12:08:29.004+00:00,1,false
2023-08-27T12:09:33.779+00:00,1,false
2023-08-27T12:12:33.704+00:00,20,false
2023-08-27T12:12:48.954+00:00,20,false
2023-08-27T12:09:24.904+00:00,1,false
2023-08-27T12:13:19.804+00:00,20,false
2023-08-27T12:11:50.729+00:00,20,false
2023-08-27T12:08:34.279+00:00,1,false
2023-08-27T12:08:20.129+00:00,1,false
2023-08-27T12:09:12.504+00:00,1,false
2023-08-27T12:11:37.329+00:00,19,false
2023-08-27T12:09:42.079+00:00,2,false
2023-08-27T12:09:11.779+00:00,1,false
2023-08-27T12:09:06.279+00:00,1,false
2023-08-27T12:11:34.804+00:00,19,false
2023-08-27T12:12:10.404+00:00,20,false
2023-08-27T12:12:11.679+00:00,20,false
2023-08-27T12:11:37.904+00:00,19,false
2023-08-27T12:12:23.204+00:00,20,false
2023-08-27T12:13:17.729+00:00,20,false
2023-08-27T12:11:26.304+00:00,18,false
2023-08-27T12:08:30.429+00:00,1,false
2023-08-27T12:11:05.229+00:00,14,false
2023-08-27T12:11:54.754+00:00,20,false
2023-08-27T12:12:51.004+00:00,20,false
2023-08-27T12:14:38.854+00:00,20,false
2023-08-27T12:11:03.829+00:00,14,false
2023-08-27T12:11:04.029+00:00,14,false
2023-08-27T12:12:20.704+00:00,20,false
2023-08-27T12:12:28.654+00:00,20,false
2023-08-27T12:14:36.704+00:00,20,false
2023-08-27T12:14:13.204+00:00,20,false
2023-08-27T12:12:05.804+00:00,20,false
2023-08-27T12:08:32.979+00:00,1,false
2023-08-27T12:08:33.704+00:00,1,false
2023-08-27T12:09:50.004+00:00,2,false
2023-08-27T12:08:30.754+00:00,1,false
2023-08-27T12:10:11.454+00:00,3,false
2023-08-27T12:10:54.704+00:00,12,false
2023-08-27T12:08:51.629+00:00,1,false
2023-08-27T12:13:39.729+00:00,20,false
2023-08-27T12:13:42.879+00:00,20,false
2023-08-27T12:14:16.204+00:00,20,false
2023-08-27T12:09:48.804+00:00,2,false
2023-08-27T12:12:24.404+00:00,20,false
2023-08-27T12:09:44.129+00:00,2,false
2023-08-27T12:08:20.329+00:00,1,false
2023-08-27T12:10:21.904+00:00,5,false
2023-08-27T12:12:42.929+00:00,20,false
2023-08-27T12:09:44.354+00:00,2,false
2023-08-27T12:13:10.754+00:00,20,false
2023-08-27T12:13:18.129+00:00,20,false
2023-08-27T12:08:51.379+00:00,1,false
2023-08-27T12:13:39.304+00:00,20,false
2023-08-27T12:09:00.879+00:00,1,false
2023-08-27T12:09:18.904+00:00,1,false
2023-08-27T12:10:51.054+00:00,8,false
2023-08-27T12:14:57.804+00:00,20,false
2023-08-27T12:14:39.004+00:00,20,false
2023-08-27T12:10:08.754+00:00,3,false
2023-08-27T12:08:27.079+00:00,1,false
2023-08-27T12:13:18.979+00:00,20,false
2023-08-27T12:13:21.529+00:00,20,false
2023-08-27T12:12:02.629+00:00,20,false
2023-08-27T12:12:00.004+00:00,20,false
2023-08-27T12:09:40.204+00:00,1,false
2023-08-27T12:13:27.804+00:00,20,false
2023-08-27T12:13:44.604+00:00,20,false
2023-08-27T12:10:56.679+00:00,13,false
2023-08-27T12:11:44.079+00:00,20,false
2023-08-27T12:12:22.729+00:00,20,false
2023-08-27T12:10:27.104+00:00,5,false
2023-08-27T12:10:26.104+00:00,5,false
2023-08-27T12:11:24.454+00:00,18,false
2023-08-27T12:12:58.779+00:00,20,false
2023-08-27T12:12:53.979+00:00,20,false
2023-08-27T12:11:27.329+00:00,19,false
2023-08-27T12:13:35.604+00:00,20,false
2023-08-27T12:14:12.704+00:00,20,false
2023-08-27T12:14:54.279+00:00,20,false
2023-08-27T12:14:59.279+00:00,20,false
2023-08-27T12:13:17.304+00:00,20,false
2023-08-27T12:11:50.079+00:00,20,false
2023-08-27T12:09:51.329+00:00,2,false
2023-08-27T12:09:23.004+00:00,1,false
2023-08-27T12:12:03.929+00:00,20,false
2023-08-27T12:13:03.004+00:00,19,false
2023-08-27T12:11:27.004+00:00,19,false
2023-08-27T12:13:29.404+00:00,20,false
2023-08-27T12:13:36.629+00:00,20,false
2023-08-27T12:12:20.904+00:00,20,false
2023-08-27T12:14:54.729+00:00,20,false
2023-08-27T12:09:58.604+00:00,2,false
2023-08-27T12:09:04.929+00:00,1,false
2023-08-27T12:11:25.704+00:00,18,false
2023-08-27T12:14:48.554+00:00,20,false
2023-08-27T12:11:05.054+00:00,14,false
2023-08-27T12:11:23.504+00:00,18,false
2023-08-27T12:13:46.454+00:00,20,false
2023-08-27T12:09:34.654+00:00,1,false
2023-08-27T12:12:36.454+00:00,20,false
2023-08-27T12:08:26.904+00:00,1,false
2023-08-27T12:12:21.179+00:00,20,false
2023-08-27T12:12:32.804+00:00,20,false
2023-08-27T12:09:56.929+00:00,2,false
2023-08-27T12:13:17.504+00:00,20,false
2023-08-27T12:09:50.929+00:00,2,false
2023-08-27T12:08:20.804+00:00,1,false
2023-08-27T12:10:37.054+00:00,5,false
2023-08-27T12:14:03.504+00:00,20,false
2023-08-27T12:10:35.804+00:00,5,false
2023-08-27T12:12:01.504+00:00,20,false
2023-08-27T12:12:48.054+00:00,20,false
2023-08-27T12:13:50.904+00:00,20,false
2023-08-27T12:09:53.729+00:00,2,false
2023-08-27T12:14:04.979+00:00,20,false
2023-08-27T12:12:04.679+00:00,20,false
2023-08-27T12:13:37.404+00:00,20,false
2023-08-27T12:14:35.304+00:00,20,false
2023-08-27T12:14:59.929+00:00,20,false
2023-08-27T12:13:23.604+00:00,20,false
2023-08-27T12:15:01.104+00:00,20,false
2023-08-27T12:13:01.204+00:00,20,false
2023-08-27T12:12:17.704+00:00,20,false
2023-08-27T12:13:48.604+00:00,20,false
2023-08-27T12:09:58.229+00:00,2,false
2023-08-27T12:14:27.279+00:00,20,false
2023-08-27T12:12:47.829+00:00,20,false
2023-08-27T12:09:28.279+00:00,1,false
2023-08-27T12:10:49.804+00:00,8,false
2023-08-27T12:11:41.179+00:00,19,false
2023-08-27T12:09:04.754+00:00,1,false
2023-08-27T12:13:04.554+00:00,20,false
2023-08-27T12:12:23.979+00:00,20,false
2023-08-27T12:12:36.854+00:00,20,false
2023-08-27T12:12:52.029+00:00,20,false
2023-08-27T12:12:47.129+00:00,20,false
2023-08-27T12:13:46.704+00:00,20,false
2023-08-27T12:12:39.904+00:00,20,false
2023-08-27T12:11:03.104+00:00,14,false
2023-08-27T12:13:21.304+00:00,20,false
2023-08-27T12:14:19.379+00:00,20,false
2023-08-27T12:10:02.729+00:00,2,false
2023-08-27T12:12:31.304+00:00,20,false
2023-08-27T12:08:22.629+00:00,1,false
2023-08-27T12:10:37.679+00:00,5,false
2023-08-27T12:09:22.029+00:00,1,false
2023-08-27T12:10:31.379+00:00,5,false
2023-08-27T12:11:34.154+00:00,19,false
2023-08-27T12:10:33.054+00:00,5,false
2023-08-27T12:11:49.429+00:00,20,false
2023-08-27T12:11:21.729+00:00,18,false
2023-08-27T12:10:08.979+00:00,3,false
2023-08-27T12:08:55.604+00:00,1,false
2023-08-27T12:12:33.004+00:00,20,false
2023-08-27T12:12:41.054+00:00,20,false
2023-08-27T12:09:06.079+00:00,1,false
2023-08-27T12:12:59.379+00:00,20,false
2023-08-27T12:12:11.454+00:00,20,false
2023-08-27T12:14:47.704+00:00,20,false
2023-08-27T12:09:21.179+00:00,1,false
2023-08-27T12:10:14.604+00:00,3,false
2023-08-27T12:08:50.229+00:00,1,false
2023-08-27T12:10:03.979+00:00,2,false
2023-08-27T12:11:12.129+00:00,15,false
2023-08-27T12:10:41.129+00:00,6,false
2023-08-27T12:12:19.379+00:00,20,false
2023-08-27T12:12:39.404+00:00,20,false
2023-08-27T12:14:23.604+00:00,20,false
2023-08-27T12:11:56.904+00:00,20,false
2023-08-27T12:12:27.104+00:00,20,false
2023-08-27T12:15:01.304+00:00,20,false
2023-08-27T12:11:07.804+00:00,14,false
2023-08-27T12:10:44.079+00:00,6,false
2023-08-27T12:09:30.829+00:00,1,false
2023-08-27T12:08:44.079+00:00,1,false
2023-08-27T12:09:35.504+00:00,1,false
2023-08-27T12:11:28.654+00:00,19,false
2023-08-27T12:12:12.179+00:00,20,false
2023-08-27T12:12:25.904+00:00,20,false
2023-08-27T12:13:29.254+00:00,20,false
2023-08-27T12:08:55.004+00:00,1,false
2023-08-27T12:08:57.754+00:00,1,false
2023-08-27T12:13:41.204+00:00,20,false
2023-08-27T12:14:28.729+00:00,20,false
2023-08-27T12:09:46.754+00:00,2,false
2023-08-27T12:11:28.904+00:00,19,false
2023-08-27T12:14:38.504+00:00,20,false
2023-08-27T12:14:39.229+00:00,20,false
2023-08-27T12:14:13.729+00:00,20,false
2023-08-27T12:09:59.204+00:00,2,false
2023-08-27T12:11:39.479+00:00,19,false
2023-08-27T12:09:17.179+00:00,1,false
2023-08-27T12:13:45.204+00:00,20,false
2023-08-27T12:08:55.254+00:00,1,false
2023-08-27T12:08:19.554+00:00,1,false
2023-08-27T12:13:28.404+00:00,20,false
2023-08-27T12:14:39.454+00:00,20,false
2023-08-27T12:09:50.579+00:00,2,false
2023-08-27T12:13:43.579+00:00,20,false
2023-08-27T12:12:24.779+00:00,20,false
2023-08-27T12:12:45.829+00:00,20,false
2023-08-27T12:09:16.804+00:00,1,false
2023-08-27T12:13:08.579+00:00,20,false
2023-08-27T12:13:18.004+00:00,20,false
2023-08-27T12:11:17.929+00:00,17,false
2023-08-27T12:13:24.804+00:00,20,false
2023-08-27T12:13:31.754+00:00,20,false
2023-08-27T12:10:06.579+00:00,2,false
2023-08-27T12:08:37.429+00:00,1,false
2023-08-27T12:08:25.554+00:00,1,false
2023-08-27T12:08:40.004+00:00,1,false
2023-08-27T12:12:40.204+00:00,20,false
2023-08-27T12:12:34.179+00:00,20,false
2023-08-27T12:13:53.104+00:00,20,false
2023-08-27T12:11:47.804+00:00,20,false
2023-08-27T12:09:19.529+00:00,1,false
2023-08-27T12:09:22.804+00:00,1,false
2023-08-27T12:09:04.204+00:00,1,false
2023-08-27T12:11:12.704+00:00,15,false
2023-08-27T12:12:03.054+00:00,20,false
2023-08-27T12:13:55.279+00:00,20,false
2023-08-27T12:14:01.304+00:00,20,false
2023-08-27T12:14:06.779+00:00,20,false
2023-08-27T12:12:53.504+00:00,20,false
2023-08-27T12:12:25.229+00:00,20,false
2023-08-27T12:09:32.354+00:00,1,false
2023-08-27T12:08:45.729+00:00,1,false
2023-08-27T12:13:40.379+00:00,20,false
2023-08-27T12:10:53.604+00:00,11,false
2023-08-27T12:11:22.729+00:00,18,false
2023-08-27T12:11:30.779+00:00,19,false
2023-08-27T12:13:54.854+00:00,20,false
2023-08-27T12:14:37.004+00:00,20,false
2023-08-27T12:14:39.954+00:00,20,false
2023-08-27T12:08:50.804+00:00,1,false
2023-08-27T12:10:21.529+00:00,5,false
2023-08-27T12:14:32.229+00:00,20,false
2023-08-27T12:13:36.854+00:00,20,false
2023-08-27T12:12:07.854+00:00,20,false
2023-08-27T12:11:27.804+00:00,18,false
2023-08-27T12:11:35.704+00:00,19,false
2023-08-27T12:10:39.404+00:00,5,false
2023-08-27T12:12:49.129+00:00,20,false
2023-08-27T12:09:39.579+00:00,1,false
2023-08-27T12:13:58.904+00:00,20,false
2023-08-27T12:09:11.504+00:00,1,false
2023-08-27T12:14:51.429+00:00,20,false
2023-08-27T12:10:42.879+00:00,6,false
2023-08-27T12:11:22.504+00:00,18,false
2023-08-27T12:12:24.129+00:00,20,false
2023-08-27T12:12:33.529+00:00,20,false
2023-08-27T12:08:31.829+00:00,1,false
2023-08-27T12:13:30.104+00:00,20,false
2023-08-27T12:12:55.504+00:00,20,false
2023-08-27T12:10:01.854+00:00,2,false
2023-08-27T12:14:10.254+00:00,20,false
2023-08-27T12:09:45.154+00:00,2,false
2023-08-27T12:10:09.254+00:00,3,false
2023-08-27T12:12:26.429+00:00,20,false
2023-08-27T12:13:08.154+00:00,20,false
2023-08-27T12:13:36.379+00:00,20,false
2023-08-27T12:09:10.479+00:00,1,false
2023-08-27T12:11:34.529+00:00,19,false
2023-08-27T12:12:54.729+00:00,20,false
2023-08-27T12:14:00.204+00:00,20,false
2023-08-27T12:09:07.304+00:00,1,false
2023-08-27T12:14:23.079+00:00,20,false
2023-08-27T12:08:24.654+00:00,1,false
2023-08-27T12:08:35.904+00:00,1,false
2023-08-27T12:09:15.779+00:00,1,false
2023-08-27T12:10:13.679+00:00,3,false
2023-08-27T12:10:46.404+00:00,6,false
2023-08-27T12:09:11.254+00:00,1,false
2023-08-27T12:11:22.704+00:00,18,false
2023-08-27T12:12:23.354+00:00,20,false
2023-08-27T12:12:27.504+00:00,20,false
2023-08-27T12:08:38.454+00:00,1,false
2023-08-27T12:13:01.004+00:00,20,false
2023-08-27T12:10:31.704+00:00,5,false
2023-08-27T12:13:13.204+00:00,20,false
2023-08-27T12:14:42.304+00:00,20,false
2023-08-27T12:09:27.304+00:00,1,false
2023-08-27T12:14:25.979+00:00,20,false
2023-08-27T12:14:30.579+00:00,20,false
2023-08-27T12:10:22.454+00:00,5,false
2023-08-27T12:08:38.704+00:00,1,false
2023-08-27T12:09:41.004+00:00,2,false
2023-08-27T12:08:23.829+00:00,1,false
2023-08-27T12:09:23.079+00:00,1,false
2023-08-27T12:12:05.604+00:00,20,false
2023-08-27T12:13:05.904+00:00,20,false
2023-08-27T12:12:38.204+00:00,20,false
2023-08-27T12:13:11.804+00:00,20,false
2023-08-27T12:13:18.579+00:00,20,false
2023-08-27T12:13:45.804+00:00,20,false
2023-08-27T12:14:06.279+00:00,20,false
2023-08-27T12:10:23.004+00:00,5,false
2023-08-27T12:14:23.379+00:00,20,false
2023-08-27T12:12:06.379+00:00,20,false
2023-08-27T12:12:15.454+00:00,20,false
2023-08-27T12:14:28.554+00:00,20,false
2023-08-27T12:10:25.254+00:00,5,false
2023-08-27T12:14:33.579+00:00,20,false
2023-08-27T12:14:50.404+00:00,20,false
2023-08-27T12:10:59.704+00:00,14,false
2023-08-27T12:11:27.554+00:00,19,false
2023-08-27T12:09:27.104+00:00,1,false
2023-08-27T12:11:57.904+00:00,20,false
2023-08-27T12:11:58.704+00:00,20,false
2023-08-27T12:10:04.529+00:00,2,false
2023-08-27T12:08:55.929+00:00,1,false
2023-08-27T12:08:19.829+00:00,1,false
2023-08-27T12:12:09.579+00:00,20,false
2023-08-27T12:11:04.879+00:00,14,false
2023-08-27T12:09:54.954+00:00,2,false
2023-08-27T12:09:31.429+00:00,1,false
2023-08-27T12:13:49.879+00:00,20,false
2023-08-27T12:08:24.429+00:00,1,false
2023-08-27T12:08:22.004+00:00,1,false
2023-08-27T12:09:45.604+00:00,2,false
2023-08-27T12:14:36.329+00:00,20,false
2023-08-27T12:09:04.029+00:00,1,false
2023-08-27T12:09:29.229+00:00,1,false
2023-08-27T12:12:13.579+00:00,20,false
2023-08-27T12:11:21.454+00:00,18,false
2023-08-27T12:11:24.854+00:00,18,false
2023-08-27T12:13:47.729+00:00,20,false
2023-08-27T12:13:48.504+00:00,19,false
2023-08-27T12:14:22.454+00:00,20,false
2023-08-27T12:13:24.604+00:00,20,false
2023-08-27T12:10:41.929+00:00,6,false
2023-08-27T12:09:51.604+00:00,2,false
2023-08-27T12:13:09.204+00:00,20,false
2023-08-27T12:13:46.954+00:00,20,false
2023-08-27T12:12:15.379+00:00,20,false
2023-08-27T12:10:19.954+00:00,5,false
2023-08-27T12:11:40.804+00:00,19,false
2023-08-27T12:13:08.979+00:00,20,false
2023-08-27T12:12:42.004+00:00,20,false
2023-08-27T12:12:34.804+00:00,20,false
2023-08-27T12:09:16.279+00:00,1,false
2023-08-27T12:10:19.304+00:00,4,false
2023-08-27T12:14:59.679+00:00,20,false
2023-08-27T12:09:25.129+00:00,1,false
2023-08-27T12:12:02.879+00:00,20,false
2023-08-27T12:11:07.204+00:00,14,false
2023-08-27T12:12:51.554+00:00,20,false
2023-08-27T12:13:20.429+00:00,20,false
2023-08-27T12:14:19.029+00:00,20,false
2023-08-27T12:10:42.154+00:00,6,false
2023-08-27T12:14:22.104+00:00,20,false
2023-08-27T12:09:37.929+00:00,1,false
2023-08-27T12:14:46.804+00:00,20,false
2023-08-27T12:12:14.304+00:00,20,false
2023-08-27T12:14:01.904+00:00,20,false
2023-08-27T12:10:10.254+00:00,3,false
2023-08-27T12:10:24.054+00:00,5,false
2023-08-27T12:12:04.879+00:00,20,false
2023-08-27T12:13:04.929+00:00,19,false
2023-08-27T12:09:07.579+00:00,1,false
2023-08-27T12:09:57.929+00:00,2,false
2023-08-27T12:11:00.004+00:00,14,false
2023-08-27T12:13:43.929+00:00,20,false
2023-08-27T12:10:17.129+00:00,4,false
2023-08-27T12:13:29.804+00:00,20,false
2023-08-27T12:08:57.504+00:00,1,false
2023-08-27T12:09:55.429+00:00,2,false
2023-08-27T12:11:05.629+00:00,14,false
2023-08-27T12:12:58.554+00:00,20,false
2023-08-27T12:13:57.804+00:00,20,false
2023-08-27T12:08:36.354+00:00,1,false
2023-08-27T12:08:45.004+00:00,1,false
2023-08-27T12:09:33.554+00:00,1,false
2023-08-27T12:08:37.904+00:00,1,false
2023-08-27T12:10:11.179+00:00,3,false
2023-08-27T12:13:56.304+00:00,20,false
2023-08-27T12:08:19.204+00:00,1,false
2023-08-27T12:08:29.479+00:00,1,false
2023-08-27T12:14:37.704+00:00,20,false
2023-08-27T12:14:41.604+00:00,20,false
2023-08-27T12:14:42.004+00:00,20,false
2023-08-27T12:14:43.829+00:00,20,false
2023-08-27T12:13:30.954+00:00,20,false
2023-08-27T12:10:58.754+00:00,14,false
2023-08-27T12:12:55.304+00:00,20,false
2023-08-27T12:14:35.454+00:00,20,false
2023-08-27T12:12:16.379+00:00,20,false
2023-08-27T12:12:08.129+00:00,20,false
2023-08-27T12:09:34.004+00:00,1,false
2023-08-27T12:14:40.804+00:00,20,false
2023-08-27T12:12:30.079+00:00,20,false
2023-08-27T12:09:57.104+00:00,2,false
2023-08-27T12:12:37.829+00:00,20,false
2023-08-27T12:08:31.604+00:00,1,false
2023-08-27T12:10:32.304+00:00,5,false
2023-08-27T12:08:25.404+00:00,1,false
2023-08-27T12:09:02.079+00:00,1,false
2023-08-27T12:13:08.404+00:00,20,false
2023-08-27T12:10:35.054+00:00,5,false
2023-08-27T12:13:15.504+00:00,20,false
2023-08-27T12:10:50.329+00:00,8,false
2023-08-27T12:14:18.704+00:00,20,false
2023-08-27T12:11:47.004+00:00,20,false
2023-08-27T12:11:52.504+00:00,20,false
2023-08-27T12:14:05.129+00:00,20,false
2023-08-27T12:11:04.679+00:00,14,false
2023-08-27T12:13:33.304+00:00,20,false
2023-08-27T12:14:15.429+00:00,20,false
2023-08-27T12:08:32.104+00:00,1,false
2023-08-27T12:09:54.104+00:00,2,false
2023-08-27T12:10:14.904+00:00,3,false
2023-08-27T12:10:50.104+00:00,8,false
2023-08-27T12:11:17.654+00:00,17,false
2023-08-27T12:11:55.179+00:00,20,false
2023-08-27T12:11:55.854+00:00,20,false
2023-08-27T12:13:12.104+00:00,20,false
2023-08-27T12:14:02.604+00:00,20,false
2023-08-27T12:08:47.729+00:00,1,false
2023-08-27T12:09:55.754+00:00,2,false
2023-08-27T12:11:38.104+00:00,19,false
2023-08-27T12:14:14.754+00:00,20,false
2023-08-27T12:13:34.704+00:00,20,false
2023-08-27T12:14:42.204+00:00,20,false
2023-08-27T12:08:46.579+00:00,1,false
2023-08-27T12:10:43.104+00:00,6,false
2023-08-27T12:09:51.979+00:00,2,false
2023-08-27T12:10:20.554+00:00,5,false
2023-08-27T12:10:37.454+00:00,5,false
2023-08-27T12:09:43.379+00:00,2,false
2023-08-27T12:11:46.629+00:00,20,false
2023-08-27T12:11:47.404+00:00,19,false
2023-08-27T12:12:11.129+00:00,20,false
2023-08-27T12:12:05.254+00:00,20,false
2023-08-27T12:12:13.904+00:00,20,false
2023-08-27T12:10:10.554+00:00,3,false
2023-08-27T12:14:06.654+00:00,20,false
2023-08-27T12:14:45.254+00:00,20,false
2023-08-27T12:10:33.979+00:00,5,false
2023-08-27T12:12:35.179+00:00,20,false
2023-08-27T12:10:06.754+00:00,2,false
2023-08-27T12:11:44.904+00:00,20,false
2023-08-27T12:14:31.104+00:00,20,false
2023-08-27T12:15:00.529+00:00,20,false
2023-08-27T12:10:15.479+00:00,3,false
2023-08-27T12:13:31.229+00:00,20,false
2023-08-27T12:13:45.354+00:00,20,false
2023-08-27T12:14:55.004+00:00,20,false
2023-08-27T12:10:11.679+00:00,3,false
2023-08-27T12:09:09.004+00:00,1,false
2023-08-27T12:14:52.454+00:00,20,false
2023-08-27T12:13:55.479+00:00,20,false
2023-08-27T12:09:47.429+00:00,2,false
2023-08-27T12:12:59.954+00:00,20,false
2023-08-27T12:12:38.004+00:00,20,false
2023-08-27T12:10:57.304+00:00,13,false
2023-08-27T12:10:20.279+00:00,5,false
2023-08-27T12:10:38.629+00:00,5,false
2023-08-27T12:11:06.629+00:00,14,false
2023-08-27T12:09:12.804+00:00,1,false
2023-08-27T12:13:26.904+00:00,19,false
2023-08-27T12:10:53.204+00:00,11,false
2023-08-27T12:09:36.904+00:00,1,false
2023-08-27T12:11:45.304+00:00,20,false
2023-08-27T12:10:29.004+00:00,5,false
2023-08-27T12:10:28.679+00:00,5,false
2023-08-27T12:11:31.554+00:00,19,false
2023-08-27T12:11:47.604+00:00,20,false
2023-08-27T12:11:18.729+00:00,17,false
2023-08-27T12:11:19.154+00:00,17,false
2023-08-27T12:11:39.104+00:00,19,false
2023-08-27T12:08:43.154+00:00,1,false
2023-08-27T12:13:35.204+00:00,20,false
2023-08-27T12:10:25.804+00:00,5,false
2023-08-27T12:13:59.804+00:00,20,false
2023-08-27T12:12:44.504+00:00,20,false
2023-08-27T12:11:21.279+00:00,17,false
2023-08-27T12:08:34.854+00:00,1,false
2023-08-27T12:13:55.029+00:00,20,false
2023-08-27T12:11:41.654+00:00,19,false
2023-08-27T12:13:01.754+00:00,20,false
2023-08-27T12:14:06.954+00:00,20,false
2023-08-27T12:13:56.579+00:00,20,false
2023-08-27T12:14:13.004+00:00,20,false
2023-08-27T12:14:34.829+00:00,20,false
2023-08-27T12:14:48.829+00:00,20,false
2023-08-27T12:14:37.554+00:00,20,false
2023-08-27T12:08:44.404+00:00,1,false
2023-08-27T12:10:16.179+00:00,3,false
2023-08-27T12:11:35.204+00:00,19,false
2023-08-27T12:10:02.229+00:00,2,false
2023-08-27T12:14:21.004+00:00,20,false
2023-08-27T12:09:32.229+00:00,1,false
2023-08-27T12:08:56.204+00:00,1,false
2023-08-27T12:10:07.879+00:00,2,false
2023-08-27T12:10:51.679+00:00,9,false
2023-08-27T12:14:50.979+00:00,20,false
2023-08-27T12:10:51.229+00:00,9,false
2023-08-27T12:08:41.079+00:00,1,false
2023-08-27T12:14:52.604+00:00,20,false
2023-08-27T12:08:43.729+00:00,1,false
2023-08-27T12:11:50.479+00:00,20,false
2023-08-27T12:08:58.504+00:00,1,false
2023-08-27T12:11:15.654+00:00,16,false
2023-08-27T12:10:30.929+00:00,5,false
2023-08-27T12:12:46.054+00:00,20,false
2023-08-27T12:13:07.529+00:00,20,false
2023-08-27T12:13:18.754+00:00,19,false
2023-08-27T12:10:24.804+00:00,5,false
2023-08-27T12:10:49.429+00:00,8,false
2023-08-27T12:11:50.204+00:00,20,false
2023-08-27T12:13:45.004+00:00,20,false
2023-08-27T12:12:01.804+00:00,20,false
2023-08-27T12:11:09.579+00:00,14,false
2023-08-27T12:10:45.129+00:00,6,false
2023-08-27T12:10:18.904+00:00,4,false
2023-08-27T12:14:00.804+00:00,20,false
2023-08-27T12:14:55.279+00:00,20,false
2023-08-27T12:09:21.754+00:00,1,false
2023-08-27T12:13:16.204+00:00,20,false
